{"Blackhole Barbell": {"quality": "Rough", "characteristic": "Tactical", "stats": {"ATK": "10", "CRIC": "3", "PAR": "19"}}, "Lilly Triple-Staff": {"quality": "Rough", "characteristic": "Agile", "stats": {"ATK": "12", "CRIC": "2", "ACC": "18"}}, "Assassin Dagger": {"quality": "Rough", "characteristic": "Fearless", "stats": {"ATK": "10", "CRIC": "4", "ACC": "20"}}, "Blackhole Tank Top": {"quality": "Rough", "characteristic": "Tactical", "stats": {"ATK": "8", "DEF": "3", "DR": "20"}}, "Lilly Suit": {"quality": "Rough", "characteristic": "Agile", "stats": {"ATK": "9", "DEF": "2", "PAR": "100"}}, "Assassin Waistguard": {"quality": "Rough", "characteristic": "Fearless", "stats": {"ATK": "3", "DEF": "8", "PAR": "40", "DR": "50"}}, "Blackhole Pants": {"quality": "Rough", "characteristic": "Tactical", "stats": {"HP": "46", "DEF": "5", "CRIR": "24", "ACC": "40"}}, "Lilly Pants": {"quality": "Rough", "characteristic": "Agile", "stats": {"HP": "40", "DEF": "6", "CRIR": "20", "DR": "30"}}, "Assassin Pants": {"quality": "Rough", "characteristic": "Fearless", "stats": {"HP": "64", "DEF": "2", "CRIR": "12", "PAR": "40"}}, "Blackhole Sneakers": {"quality": "Rough", "characteristic": "Tactical", "stats": {"HP": "68", "CRIC": "4", "CRIR": "16", "PAR": "41"}}, "Lilly Shoes": {"quality": "Rough", "characteristic": "Agile", "stats": {"HP": "74", "CRIC": "3", "ACC": "42"}}, "Assassin Slippers": {"quality": "Rough", "characteristic": "Fearless", "stats": {"HP": "81", "CRIR": "8"}}, "Eyelash Curler": {"quality": "Common", "characteristic": "Tactical", "stats": {"ATK": "28", "CRIC": "7", "PAR": "30"}}, "Jet Gloves": {"quality": "Common", "characteristic": "Agile", "stats": {"ATK": "29", "CRIC": "5", "ACC": "29"}}, "Wild Monkey Loudspeaker": {"quality": "Common", "characteristic": "Fearless", "stats": {"ATK": "28", "CRIC": "9", "ACC": "32"}}, "Eyelash Jacket": {"quality": "Common", "characteristic": "Tactical", "stats": {"ATK": "22", "DEF": "8", "DR": "32"}}, "Jet Shirt": {"quality": "Common", "characteristic": "Agile", "stats": {"ATK": "23", "DEF": "6", "PAR": "160"}}, "Wild Monkey Jacket": {"quality": "Common", "characteristic": "Fearless", "stats": {"ATK": "8", "DEF": "21", "PAR": "64", "DR": "80"}}, "Eyelash Pants": {"quality": "Common", "characteristic": "Tactical", "stats": {"HP": "118", "DEF": "13", "CRIR": "38", "ACC": "64"}}, "Jet Briefs": {"quality": "Common", "characteristic": "Agile", "stats": {"HP": "104", "DEF": "15", "CRIR": "32", "DR": "48"}}, "Wild Monkey Pants": {"quality": "Common", "characteristic": "Fearless", "stats": {"HP": "164", "DEF": "6", "CRIR": "19", "PAR": "64"}}, "Eyelash Shoes": {"quality": "Common", "characteristic": "Tactical", "stats": {"HP": "173", "CRIC": "11", "CRIR": "26", "PAR": "66"}}, "Jet Shoes": {"quality": "Common", "characteristic": "Agile", "stats": {"HP": "187", "CRIC": "7", "ACC": "67"}}, "Wild Monkey Shoes": {"quality": "Common", "characteristic": "Fearless", "stats": {"HP": "206", "CRIR": "13"}}, "Battle Gloves": {"quality": "Rare+", "characteristic": "Tactical", "stats": {"ATK": "91", "CRIC": "24", "PAR": "56"}}, "Beast King Claws": {"quality": "Rare+", "characteristic": "Agile", "stats": {"ATK": "93", "CRIC": "15", "ACC": "54"}}, "Auto Bracelet": {"quality": "Rare+", "characteristic": "Fearless", "stats": {"ATK": "89", "CRIC": "30", "ACC": "60"}}, "Battle Cuirass": {"quality": "Rare+", "characteristic": "Tactical", "stats": {"ATK": "71", "DEF": "28", "DR": "60"}}, "Beast King Scarf": {"quality": "Rare+", "characteristic": "Agile", "stats": {"ATK": "75", "DEF": "17", "PAR": "300"}}, "Auto Cuirass": {"quality": "Rare+", "characteristic": "Fearless", "stats": {"ATK": "28", "DEF": "68", "PAR": "120", "DR": "150"}}, "Battle Leg Guard": {"quality": "Rare+", "characteristic": "Tactical", "stats": {"HP": "386", "DEF": "41", "CRIR": "72", "ACC": "120"}}, "Beast King Shorts": {"quality": "Rare+", "characteristic": "Agile", "stats": {"HP": "337", "DEF": "47", "CRIR": "60", "DR": "90"}}, "Auto Plate": {"quality": "Rare+", "characteristic": "Fearless", "stats": {"HP": "535", "DEF": "18", "CRIR": "36", "PAR": "120"}}, "Battle Foot Guard": {"quality": "Rare+", "characteristic": "Tactical", "stats": {"HP": "562", "CRIC": "36", "CRIR": "48", "PAR": "124"}}, "Beast King Anklets": {"quality": "Rare+", "characteristic": "Agile", "stats": {"HP": "612", "CRIC": "23", "ACC": "126"}}, "Auto Anklets": {"quality": "Rare+", "characteristic": "Fearless", "stats": {"HP": "673", "CRIR": "24"}}, "Hip-hop Slingshot": {"quality": "Elite+", "characteristic": "Tactical", "stats": {"ATK": "254", "CRIC": "67", "PAR": "112"}}, "Gentleman's Rapier": {"quality": "Elite+", "characteristic": "Agile", "stats": {"ATK": "261", "CRIC": "42", "ACC": "108"}}, "Iai Katana": {"quality": "Elite+", "characteristic": "Fearless", "stats": {"ATK": "247", "CRIC": "84", "ACC": "120"}}, "Hip-hop Hoodie": {"quality": "Elite+", "characteristic": "Tactical", "stats": {"ATK": "200", "DEF": "78", "DR": "120"}}, "Gentleman's Suit": {"quality": "Elite+", "characteristic": "Agile", "stats": {"ATK": "208", "DEF": "48", "PAR": "600"}}, "Iai Cuirass": {"quality": "Elite+", "characteristic": "Fearless", "stats": {"ATK": "76", "DEF": "191", "PAR": "240", "DR": "300"}}, "Hip-hop Pants": {"quality": "Elite+", "characteristic": "Tactical", "stats": {"HP": "1081", "DEF": "115", "CRIR": "144", "ACC": "240"}}, "Gentleman's Pants": {"quality": "Elite+", "characteristic": "Agile", "stats": {"HP": "943", "DEF": "133", "CRIR": "120", "DR": "180"}}, "Iai Faulds": {"quality": "Elite+", "characteristic": "Fearless", "stats": {"HP": "1497", "DEF": "51", "CRIR": "72", "PAR": "240"}}, "Hip-hop Shoes": {"quality": "Elite+", "characteristic": "Tactical", "stats": {"HP": "1576", "CRIC": "101", "CRIR": "96", "PAR": "248"}}, "Gentleman's Shoes": {"quality": "Elite+", "characteristic": "Agile", "stats": {"HP": "1714", "CRIC": "63", "ACC": "252"}}, "Iai Sabatons": {"quality": "Elite+", "characteristic": "Fearless", "stats": {"HP": "1884", "CRIR": "48"}}, "Bamboo Spear": {"quality": "Epic+", "characteristic": "Tactical", "stats": {"ATK": "727", "CRIC": "192", "PAR": "205"}}, "Ninja Shuriken": {"quality": "Epic+", "characteristic": "Agile", "stats": {"ATK": "744", "CRIC": "120", "ACC": "198"}}, "Zombie Axe": {"quality": "Epic+", "characteristic": "Fearless", "stats": {"ATK": "707", "CRIC": "240", "ACC": "220"}}, "Bandage Shirt": {"quality": "Epic+", "characteristic": "Tactical", "stats": {"ATK": "570", "DEF": "224", "DR": "220"}}, "Ninja Top": {"quality": "Epic+", "characteristic": "Agile", "stats": {"ATK": "595", "DEF": "137", "PAR": "1100"}}, "Zombie Trench Coat": {"quality": "Epic+", "characteristic": "Fearless", "stats": {"ATK": "217", "DEF": "545", "PAR": "440", "DR": "550"}}, "Bandage Pants": {"quality": "Epic+", "characteristic": "Tactical", "stats": {"HP": "3089", "DEF": "328", "CRIR": "264", "ACC": "440"}}, "Ninja Pants": {"quality": "Epic+", "characteristic": "Agile", "stats": {"HP": "2694", "DEF": "381", "CRIR": "220", "DR": "330"}}, "Zombie Pants": {"quality": "Epic+", "characteristic": "Fearless", "stats": {"HP": "4279", "DEF": "145", "CRIR": "132", "PAR": "440"}}, "Bandage Shoes": {"quality": "Epic+", "characteristic": "Tactical", "stats": {"HP": "4501", "CRIC": "288", "CRIR": "176", "PAR": "455"}}, "Ninja Leg Guards": {"quality": "Epic+", "characteristic": "Agile", "stats": {"HP": "4896", "CRIC": "180", "ACC": "462"}}, "Zombie Shoes": {"quality": "Epic+", "characteristic": "Fearless", "stats": {"HP": "5381", "CRIR": "88"}}, "Master's Fist": {"quality": "Legendary+", "characteristic": "Tactical", "stats": {"ATK": "2422", "CRIC": "640", "PAR": "372"}}, "Samurai Katana": {"quality": "Legendary+", "characteristic": "Agile", "stats": {"ATK": "2481", "CRIC": "400", "ACC": "360"}}, "Overlord Gauntlets": {"quality": "Legendary+", "characteristic": "Fearless", "stats": {"ATK": "2358", "CRIC": "800", "ACC": "400"}}, "Master's Top": {"quality": "Legendary+", "characteristic": "Tactical", "stats": {"ATK": "1902", "DEF": "749", "DR": "400"}}, "Samurai Haori": {"quality": "Legendary+", "characteristic": "Agile", "stats": {"ATK": "1981", "DEF": "458", "PAR": "2000"}}, "Overlord Armor": {"quality": "Legendary+", "characteristic": "Fearless", "stats": {"ATK": "725", "DEF": "1817", "PAR": "800", "DR": "1000"}}, "Master's Pants": {"quality": "Legendary+", "characteristic": "Tactical", "stats": {"HP": "10297", "DEF": "1091", "CRIR": "480", "ACC": "800"}}, "Samurai Sash": {"quality": "Legendary+", "characteristic": "Agile", "stats": {"HP": "8982", "DEF": "1268", "CRIR": "400", "DR": "600"}}, "Overlord Bottoms": {"quality": "Legendary+", "characteristic": "Fearless", "stats": {"HP": "14265", "DEF": "483", "CRIR": "240", "PAR": "800"}}, "Master's Shoes": {"quality": "Legendary+", "characteristic": "Tactical", "stats": {"HP": "15003", "CRIC": "960", "CRIR": "320", "PAR": "828"}}, "Samurai Geta": {"quality": "Legendary+", "characteristic": "Agile", "stats": {"HP": "16319", "CRIC": "600", "ACC": "840"}}, "Overlord War Shoes": {"quality": "Legendary+", "characteristic": "Fearless", "stats": {"HP": "17935", "CRIR": "160"}}}